City_ID,City,Country,Lat,Lng,Max Temp,Humidity,Cloudiness,Wind Speed,Current Description
0,Qaanaaq,GL,77.484,-69.3632,7.03,91,98,4.05,overcast clouds
1,Jamestown,US,42.097,-79.2353,40.59,89,100,17.27,overcast clouds
2,Cabo San Lucas,MX,22.8909,-109.9124,85.17,67,34,5.21,scattered clouds
3,Wakkanai,JP,45.4094,141.6739,48.42,55,100,24.79,overcast clouds
4,Broome,US,42.2506,-75.833,48.15,63,100,9.22,overcast clouds
5,Komsomolskiy,UZ,40.4272,71.7189,56.12,76,75,2.3,light rain
6,Saldanha,ZA,-33.0117,17.9442,59.05,95,72,12.28,broken clouds
7,Chokurdakh,RU,70.6333,147.9167,4.37,98,97,4.79,overcast clouds
8,Saskylakh,RU,71.9167,114.0833,18.9,86,100,14.38,overcast clouds
9,Lompoc,US,34.6391,-120.4579,81.79,56,0,12.66,clear sky
10,East London,ZA,-33.0153,27.9116,69.8,91,99,4.34,overcast clouds
11,Mataura,NZ,-46.1927,168.8643,56.48,42,69,8.03,broken clouds
12,Bluff,NZ,-46.6,168.3333,56.8,60,73,17.74,broken clouds
13,Ostrovnoy,RU,68.0531,39.5131,40.03,67,100,28.52,overcast clouds
14,Punta Arenas,CL,-53.15,-70.9167,51.91,43,20,31.07,few clouds
15,Hilo,US,19.7297,-155.09,91.27,71,0,8.05,clear sky
16,Kapenguria,KE,1.2511,35.0895,57.15,83,78,1.99,broken clouds
17,Ushuaia,AR,-54.8,-68.3,46.06,66,40,26.46,scattered clouds
18,Constitucion,CL,-35.3333,-72.4167,56.01,72,96,3.27,overcast clouds
19,Villanueva,HN,15.3167,-88.0,92.39,55,40,8.05,scattered clouds
20,Nikolskoye,RU,59.7035,30.7861,44.49,91,100,4.99,overcast clouds
21,Busselton,AU,-33.65,115.3333,54.16,82,3,8.21,clear sky
22,Rio Grande,BR,-32.035,-52.0986,64.51,91,100,19.98,overcast clouds
23,Atlantic City,US,39.3643,-74.4229,56.01,48,0,12.66,clear sky
24,Kieta,PG,-6.2167,155.6333,83.14,68,51,2.48,broken clouds
25,Hermanus,ZA,-34.4187,19.2345,64.8,93,30,9.13,scattered clouds
26,Hobart,AU,-42.8794,147.3294,56.05,81,75,8.05,broken clouds
27,Kamennomostskoye,RU,43.7372,43.0514,50.99,52,0,5.26,clear sky
28,Nanortalik,GL,60.1432,-45.2371,39.9,87,100,12.48,light rain
29,Rikitea,PF,-23.1203,-134.9692,68.94,61,0,17.87,clear sky
30,Tasiilaq,GL,65.6145,-37.6368,31.89,89,98,2.46,overcast clouds
31,Vaini,TO,-21.2,-175.2,80.76,94,75,9.22,broken clouds
32,New Norfolk,AU,-42.7826,147.0587,56.71,58,80,1.99,broken clouds
33,Severo-Kurilsk,RU,50.6789,156.125,40.96,70,45,33.69,light rain
34,Alofi,NU,-19.0595,-169.9187,80.49,69,75,13.8,broken clouds
35,San Rafael,AR,-34.6177,-68.3301,52.75,85,100,4.5,light rain
36,Barrow,US,71.2906,-156.7887,24.82,86,100,10.36,overcast clouds
37,Avarua,CK,-21.2078,-159.775,80.65,54,40,20.71,scattered clouds
38,Port Elizabeth,ZA,-33.918,25.5701,70.11,92,100,9.22,overcast clouds
39,Saint-Leu,RE,-21.15,55.2833,68.86,75,49,8.59,scattered clouds
40,Hobyo,SO,5.3505,48.5268,77.79,83,100,16.67,overcast clouds
41,Santa Cruz,BO,-17.8,-63.1667,76.46,69,75,12.66,broken clouds
42,Torbay,CA,47.6666,-52.7314,52.75,97,100,9.22,light intensity drizzle
43,Vitorino Freire,BR,-4.0667,-45.1667,84.67,48,72,3.62,broken clouds
44,Norman Wells,CA,65.282,-126.8329,39.24,87,75,2.3,broken clouds
45,Boende,CD,-0.2167,20.8667,70.66,98,44,0.49,light rain
46,Biloela,AU,-24.4167,150.5,67.3,89,100,11.01,light rain
47,Lokosovo,RU,61.1333,74.8167,39.33,87,100,10.96,overcast clouds
48,Arraial Do Cabo,BR,-22.9661,-42.0278,75.16,88,40,19.57,scattered clouds
49,Amapa,BR,1.0,-52.0,73.15,97,98,6.87,moderate rain
50,Taoudenni,ML,22.6783,-3.9836,90.86,14,97,7.92,overcast clouds
51,Kruisfontein,ZA,-34.0033,24.7314,67.89,99,58,2.62,broken clouds
52,Gorontalo,ID,0.5412,123.0595,74.62,95,100,2.89,overcast clouds
53,Carnarvon,AU,-24.8667,113.6333,66.18,82,0,10.47,clear sky
54,Auki,SB,-8.7676,160.7034,84.36,66,28,3.47,scattered clouds
55,Tuktoyaktuk,CA,69.4541,-133.0374,28.4,93,100,6.91,overcast clouds
56,Lagoa,PT,39.05,-27.9833,63.07,59,100,31.23,light rain
57,Khatanga,RU,71.9667,102.5,30.85,85,100,22.41,light snow
58,Salalah,OM,17.0151,54.0924,75.29,57,0,2.3,clear sky
59,Albany,US,42.6001,-73.9662,53.64,69,67,8.08,broken clouds
60,Porbandar,IN,21.6422,69.6093,79.74,56,10,8.46,clear sky
61,Avera,US,33.194,-82.5271,58.55,28,49,14.2,scattered clouds
62,Cape Town,ZA,-33.9258,18.4232,64.9,85,0,11.5,clear sky
63,Thinadhoo,MV,0.5333,72.9333,80.64,74,99,12.19,overcast clouds
64,Chunskiy,RU,56.0815,99.6342,37.29,88,87,6.38,overcast clouds
65,Mahebourg,MU,-20.4081,57.7,70.09,73,20,10.36,few clouds
66,Saint-Joseph,RE,-21.3667,55.6167,68.38,78,44,10.0,scattered clouds
67,Tongliao,CN,43.6125,122.2653,35.78,41,5,7.52,clear sky
68,Hithadhoo,MV,-0.6,73.0833,80.85,71,100,8.14,overcast clouds
69,Ponta Do Sol,PT,32.6667,-17.1,74.01,75,93,10.2,overcast clouds
70,Dikson,RU,73.5069,80.5464,28.11,86,100,13.87,overcast clouds
71,Castro,BR,-24.7911,-50.0119,58.75,99,100,4.09,overcast clouds
72,Alta Floresta,BR,-9.8756,-56.0861,78.75,69,96,3.27,overcast clouds
73,Atuona,PF,-9.8,-139.0333,76.66,68,2,13.56,clear sky
74,Leningradskiy,RU,69.3833,178.4167,7.61,82,25,6.33,scattered clouds
75,Hastings,GB,50.8552,0.5729,59.92,87,100,18.39,overcast clouds
76,Lebu,CL,-37.6167,-73.65,55.27,78,57,8.25,broken clouds
77,Airai,TL,-8.9266,125.4092,63.16,84,98,1.7,overcast clouds
78,Hambantota,LK,6.1241,81.1185,77.34,94,99,3.44,overcast clouds
79,Tautira,PF,-17.7333,-149.15,76.39,81,24,14.16,light rain
80,Turayf,SA,31.6725,38.6637,68.25,42,0,9.22,clear sky
81,El Retorno,CO,2.3302,-72.6276,78.24,91,79,1.48,broken clouds
82,Port Blair,IN,11.6667,92.75,78.84,94,75,2.3,mist
83,Asyut,EG,27.181,31.1837,69.98,36,0,7.14,clear sky
84,Umba,RU,66.6871,34.3429,38.34,94,96,9.37,overcast clouds
85,Bethel,US,41.3712,-73.414,56.25,59,0,8.05,clear sky
86,Sangar,RU,63.9242,127.4739,16.03,83,100,8.63,overcast clouds
87,Grants,US,35.1473,-107.8514,62.83,31,40,9.22,scattered clouds
88,Ambatondrazaka,MG,-17.8333,48.4167,55.24,95,30,4.65,scattered clouds
89,Mocuba,MZ,-16.8392,36.9856,72.21,87,7,3.65,clear sky
90,Daoukro,CI,7.0591,-3.9631,71.94,98,98,3.51,light rain
91,Bonavista,CA,48.6499,-53.1147,50.72,91,59,8.93,broken clouds
92,Tadine,NC,-21.55,167.8833,75.7,69,82,13.06,broken clouds
93,Sao Joao Da Barra,BR,-21.6403,-41.0511,77.09,88,31,14.81,scattered clouds
94,Makakilo City,US,21.3469,-158.0858,86.61,49,0,9.22,clear sky
95,Andros,GR,37.8333,24.9333,64.96,66,5,17.0,clear sky
96,Bambous Virieux,MU,-20.3428,57.7575,70.05,73,20,10.36,few clouds
97,Araouane,ML,18.9048,-3.5265,88.83,14,96,8.43,overcast clouds
98,Vernon,CA,50.2581,-119.2691,65.73,36,24,2.3,few clouds
99,Thanh Hoa,VN,19.8,105.7667,66.22,57,100,5.1,overcast clouds
100,Bandar,ID,2.05,99.75,73.67,88,100,1.92,overcast clouds
101,Souillac,MU,-20.5167,57.5167,70.18,73,20,10.36,few clouds
102,Yellowknife,CA,62.456,-114.3525,50.56,62,20,12.66,few clouds
103,Ulcinj,ME,41.9294,19.2244,57.97,55,2,4.25,clear sky
104,Provideniya,RU,64.3833,-173.3,30.36,86,100,2.24,overcast clouds
105,Kargasok,RU,59.0556,80.8572,37.92,95,100,5.79,overcast clouds
106,Gryfino,PL,53.2524,14.4883,54.64,91,1,9.86,clear sky
107,Saint Anthony,US,45.0205,-93.218,44.29,39,0,14.97,clear sky
108,Bac Lieu,VN,9.285,105.7244,77.25,88,80,3.13,broken clouds
109,Bodaybo,RU,57.8506,114.1933,31.1,93,100,6.2,overcast clouds
110,Tecpan,GT,14.7623,-90.9947,64.89,86,97,2.89,light rain
111,Keetmanshoop,NA,-26.5833,18.1333,78.04,28,5,3.15,clear sky
112,Touros,BR,-5.1989,-35.4608,77.95,79,67,16.6,broken clouds
113,Erenhot,CN,43.6475,111.9767,41.9,28,20,10.0,few clouds
114,Hauge,NO,58.3436,6.2812,47.7,81,1,10.04,clear sky
115,Victoria,HK,22.2855,114.1577,71.33,58,99,15.99,overcast clouds
116,Millinocket,US,45.6573,-68.7098,60.91,100,100,8.05,overcast clouds
117,Buchanan,LR,5.8808,-10.0467,77.41,87,98,5.99,overcast clouds
118,Shenjiamen,CN,29.9576,122.298,61.68,60,0,17.47,clear sky
119,Berkakit,RU,56.5807,124.7681,7.97,97,100,2.75,overcast clouds
120,Maldonado,UY,-34.6667,-54.9167,63.79,83,100,12.86,overcast clouds
121,Bocana De Paiwas,NI,12.7857,-85.1227,83.21,78,87,1.28,overcast clouds
122,Denpasar,ID,-8.65,115.2167,74.86,100,40,2.3,scattered clouds
123,Uvalde,US,29.3669,-99.767,71.31,32,40,0.0,scattered clouds
124,Panaba,MX,21.2833,-88.2667,80.44,83,100,10.18,light rain
125,Clyde River,CA,70.4692,-68.5914,21.43,79,100,11.5,overcast clouds
126,Fairbanks,US,64.8378,-147.7164,42.93,84,0,0.0,clear sky
127,Ribeira Grande,PT,38.5167,-28.7,61.77,63,100,8.01,overcast clouds
128,Thai Binh,VN,20.45,106.3333,69.89,48,100,9.84,overcast clouds
129,San Cristobal,VE,7.7669,-72.225,75.38,94,94,2.04,overcast clouds
130,Butaritari,KI,3.0707,172.7902,81.66,75,86,17.67,overcast clouds
131,Tromso,NO,69.6496,18.957,39.22,87,100,6.91,overcast clouds
132,Umm Kaddadah,SD,13.6017,26.6876,84.38,22,9,12.82,clear sky
133,Sitka,US,57.0531,-135.33,55.26,91,100,8.68,moderate rain
134,Klaksvik,FO,62.2266,-6.589,40.12,68,95,8.75,overcast clouds
135,Mana,GF,5.6592,-53.7767,80.51,82,91,10.92,overcast clouds
136,Geraldton,AU,-28.7667,114.6,50.41,87,0,10.36,clear sky
137,Glenwood Springs,US,39.5505,-107.3248,71.06,14,0,0.0,clear sky
138,Mitchell,US,43.7094,-98.0298,43.74,21,4,1.01,clear sky
139,Kawalu,ID,-7.3817,108.2082,71.33,97,99,1.43,overcast clouds
140,Chuy,UY,-33.6971,-53.4616,60.71,85,98,14.14,overcast clouds
141,Chabahar,IR,25.2919,60.643,79.43,72,17,3.65,few clouds
142,Emerald,AU,-23.5333,148.1667,71.74,100,100,11.5,overcast clouds
143,Kunming,CN,25.0389,102.7183,40.93,87,0,2.24,clear sky
144,Cantagalo,BR,-21.9811,-42.3681,69.8,84,85,5.14,overcast clouds
145,Mar Del Plata,AR,-38.0023,-57.5575,60.82,88,0,19.57,clear sky
146,Vao,NC,-22.6667,167.4833,71.91,66,99,12.95,overcast clouds
147,Vila Franca Do Campo,PT,37.7167,-25.4333,63.01,61,100,17.9,overcast clouds
148,Rio Gallegos,AR,-51.6226,-69.2181,60.85,33,75,23.02,broken clouds
149,Upernavik,GL,72.7868,-56.1549,28.89,71,100,15.84,overcast clouds
150,Ottawa,CA,45.4112,-75.6981,48.04,73,75,6.91,broken clouds
151,Pangnirtung,CA,66.1451,-65.7125,24.8,63,75,6.91,broken clouds
152,Nouadhibou,MR,20.931,-17.0347,84.18,37,33,24.16,sand
153,Hasaki,JP,35.7333,140.8333,56.21,64,100,20.33,overcast clouds
154,Port Hardy,CA,50.6996,-127.4199,66.38,63,75,9.22,broken clouds
155,San Pedro,PH,14.35,121.0167,77.32,93,75,3.44,broken clouds
156,Evensk,RU,61.95,159.2333,19.98,80,91,22.53,overcast clouds
157,Kodiak,US,57.79,-152.4072,44.35,90,100,24.2,light rain
158,Esna,EG,25.2934,32.554,77.02,30,0,13.6,clear sky
159,Hohhot,CN,40.8106,111.6522,28.69,54,0,2.24,clear sky
160,Marawi,PH,7.9986,124.2928,70.23,93,100,2.64,overcast clouds
161,Port Lincoln,AU,-34.7333,135.8667,61.41,78,1,12.19,clear sky
162,Cidreira,BR,-30.1811,-50.2056,65.01,94,100,17.63,overcast clouds
163,Kapaa,US,22.0752,-159.319,83.19,72,0,6.91,clear sky
164,Riyadh,SA,24.6877,46.7219,75.34,15,79,2.19,broken clouds
165,Aldan,RU,58.6031,125.3894,19.85,87,97,7.11,overcast clouds
166,Tulcea,RO,45.1667,28.8,46.44,82,0,1.14,clear sky
167,Ancud,CL,-41.8697,-73.8203,54.07,77,61,5.7,broken clouds
168,Ilulissat,GL,69.2167,-51.1,33.17,99,100,6.02,light snow
169,Amurzet,RU,47.6967,131.0981,32.13,54,1,8.16,clear sky
170,Teya,RU,60.3778,92.6267,31.35,93,99,2.15,overcast clouds
171,Nueva Loja,EC,0.0847,-76.8828,78.82,83,75,3.44,broken clouds
172,Atar,MR,20.5169,-13.0499,91.17,12,99,8.61,overcast clouds
173,Dodge City,US,37.7528,-100.0171,60.24,20,0,4.61,clear sky
174,San Patricio,US,28.017,-97.5169,72.32,27,100,8.7,overcast clouds
175,Vardo,NO,70.3705,31.1107,37.38,93,75,16.11,broken clouds
176,Seoul,KR,37.5683,126.9778,40.44,90,0,3.44,clear sky
177,Dandong,CN,40.1292,124.3947,36.81,59,0,3.67,clear sky
178,Tupiza,BO,-21.45,-65.7167,70.66,3,0,21.92,clear sky
179,Cravo Norte,CO,6.3017,-70.2041,83.59,74,69,0.83,broken clouds
180,Theodoriana,GR,39.4356,21.21,49.46,55,0,6.76,clear sky
181,Dickinson,US,29.4608,-95.0513,70.16,31,0,18.41,clear sky
182,Tiksi,RU,71.6872,128.8694,8.96,92,100,7.25,overcast clouds
183,Atambua,ID,-9.1061,124.8925,76.68,81,85,2.08,overcast clouds
184,Beringovskiy,RU,63.05,179.3167,38.66,92,100,35.9,moderate rain
185,Berlevag,NO,70.8578,29.0864,39.2,87,75,19.57,broken clouds
186,High Level,CA,58.5169,-117.136,64.51,39,75,5.75,broken clouds
187,Bengkulu,ID,-3.8004,102.2655,74.28,90,100,4.05,light rain
188,Labuhan,ID,-6.8844,112.2051,77.63,87,100,6.96,moderate rain
189,Baykit,RU,61.67,96.37,31.64,86,98,5.77,overcast clouds
190,Nicoya,CR,10.1483,-85.452,80.33,84,100,1.86,moderate rain
191,Shimoda,JP,34.6667,138.95,56.1,86,100,16.69,overcast clouds
192,Klyuchi,RU,52.2667,79.1667,38.32,83,96,7.14,overcast clouds
193,Clemencia,CO,10.5665,-75.325,85.37,82,55,6.85,light rain
194,Mouila,GA,-1.8685,11.0559,73.67,98,100,2.53,moderate rain
195,Saint George,US,37.1041,-113.5841,84.94,20,0,5.75,clear sky
196,Bandarbeyla,SO,9.4942,50.8122,77.94,82,13,8.1,few clouds
197,Ponta Delgada,PT,37.7333,-25.6667,63.32,59,20,19.57,few clouds
198,Fria,GN,10.4167,-13.5833,78.22,95,64,0.98,light rain
199,Orbetello,IT,42.4408,11.2196,62.62,79,0,5.82,clear sky
200,Puerto Ayora,EC,-0.7393,-90.3518,75.16,83,51,5.01,broken clouds
201,Terre Haute,US,39.4667,-87.4139,49.23,51,46,1.99,scattered clouds
202,Bonthe,SL,7.5264,-12.505,77.92,87,88,4.34,overcast clouds
203,Kalagarh,IN,29.5,78.75,65.73,80,0,3.36,clear sky
204,Orissaare,EE,58.5592,23.0826,46.94,75,99,15.95,overcast clouds
205,Pisco,PE,-13.7,-76.2167,64.45,72,20,11.5,few clouds
206,Boysun,UZ,38.2061,67.1986,53.6,72,100,3.22,overcast clouds
207,Basco,PH,20.4487,121.9702,78.46,85,100,36.33,overcast clouds
208,Lavrentiya,RU,65.5833,-171.0,27.3,75,11,1.66,few clouds
209,Maniitsoq,GL,65.4167,-52.9,36.73,98,100,23.6,moderate rain
210,Roebourne,AU,-20.7833,117.1333,71.67,62,0,5.26,clear sky
211,Ukiah,US,39.1502,-123.2078,88.38,26,0,4.61,clear sky
212,Matara,LK,5.9485,80.5353,76.48,90,100,10.47,overcast clouds
213,Esperance,AU,-33.8667,121.9,51.44,86,0,9.57,clear sky
214,Bubaque,GW,11.2833,-15.8333,81.91,77,99,11.48,overcast clouds
215,Port Alfred,ZA,-33.5906,26.891,67.17,93,75,1.01,broken clouds
216,Codrington,AU,-38.2667,141.9667,57.56,80,0,4.59,clear sky
217,Sam Phran,TH,13.727,100.2153,75.96,83,98,6.22,overcast clouds
218,La Peca,PE,-5.6111,-78.435,82.69,56,89,5.66,light rain
219,Saint-Philippe,RE,-21.3585,55.7679,69.39,78,56,9.69,broken clouds
220,Makat,KZ,47.6469,53.3463,48.58,51,95,11.7,overcast clouds
221,Saint-Pierre,RE,-21.3393,55.4781,69.48,78,75,4.61,broken clouds
222,Mehamn,NO,71.0357,27.8492,39.15,65,75,11.5,broken clouds
223,Belaya Gora,RU,68.5333,146.4167,2.79,100,95,0.65,overcast clouds
224,Pandan,PH,14.0453,124.1694,79.38,84,100,3.06,overcast clouds
225,Moree,AU,-29.4667,149.85,60.82,94,100,17.27,light rain
226,Dekar,BW,-21.5333,21.9333,66.38,65,87,7.4,overcast clouds
227,Ahipara,NZ,-35.1667,173.1667,60.44,56,42,13.06,scattered clouds
228,Srednekolymsk,RU,67.45,153.6833,4.23,94,100,11.65,overcast clouds
229,Puerto Madero,MX,14.7208,-92.4215,81.0,80,100,6.24,moderate rain
230,Kaniama,CD,-7.5667,24.1833,65.25,86,100,4.12,overcast clouds
231,Faanui,PF,-16.4833,-151.75,77.38,79,30,15.77,light rain
232,Thompson,CA,55.7435,-97.8558,46.56,42,75,10.36,broken clouds
233,Olinda,BR,-8.0089,-34.8553,80.33,69,40,6.91,scattered clouds
234,Nador,MA,35.174,-2.9287,70.05,94,0,3.44,clear sky
235,Xiaoweizhai,CN,26.1903,107.5125,49.32,51,65,4.68,broken clouds
236,Port Moresby,PG,-9.4431,147.1797,80.02,78,20,5.75,haze
237,Luderitz,NA,-26.6481,15.1594,60.69,84,22,11.65,few clouds
238,Akyab,MM,20.15,92.9,76.01,85,86,6.15,overcast clouds
239,Sinnamary,GF,5.3833,-52.95,80.08,82,100,9.28,overcast clouds
240,Nuevitas,CU,21.5453,-77.2644,81.32,79,29,0.78,scattered clouds
241,Pevek,RU,69.7008,170.3133,8.83,89,100,3.85,overcast clouds
242,Talara,PE,-4.5772,-81.2719,70.56,64,0,14.97,clear sky
243,Huntington,US,38.4193,-82.4452,46.11,63,99,10.0,overcast clouds
244,Hami,CN,42.8,93.45,53.56,24,92,2.82,overcast clouds
245,Viedma,AR,-40.8135,-62.9967,62.01,56,7,17.98,clear sky
246,Narasannapeta,IN,18.4167,84.05,75.83,86,88,5.99,overcast clouds
247,Aksu,CN,41.1231,80.2644,55.29,20,95,2.24,overcast clouds
248,Merauke,ID,-8.4667,140.3333,77.54,91,100,7.36,light rain
249,Megion,RU,61.0296,76.1136,33.82,82,69,11.61,broken clouds
250,La Rioja,ES,42.25,-2.5,62.38,54,93,8.28,overcast clouds
251,Sarahan,IN,31.5167,77.8,44.47,60,0,5.7,clear sky
252,Guerrero Negro,MX,27.9769,-114.0611,82.71,45,0,10.09,clear sky
253,Hovd,MN,48.0056,91.6419,39.74,50,100,7.63,overcast clouds
254,Buala,SB,-8.145,159.5921,83.79,73,57,7.25,light rain
255,Tezu,IN,27.9167,96.1667,67.06,63,8,3.44,clear sky
256,Calvinia,ZA,-31.4707,19.776,69.08,42,42,3.4,scattered clouds
257,Leshukonskoye,RU,64.8989,45.7622,36.63,86,100,7.94,overcast clouds
258,Kasungu,MW,-13.0333,33.4833,68.27,51,62,4.38,broken clouds
259,Walvis Bay,NA,-22.9575,14.5053,59.09,94,20,5.75,few clouds
260,Margate,GB,51.3813,1.3862,59.9,81,100,4.0,overcast clouds
261,Bredasdorp,ZA,-34.5322,20.0403,59.76,96,37,3.76,scattered clouds
262,Mazatlan,MX,23.2167,-106.4167,87.03,74,21,8.01,few clouds
263,Kosa,RU,59.9445,54.9977,35.15,96,96,4.79,overcast clouds
264,Kwinana,AU,-32.25,115.7667,58.14,62,2,6.98,clear sky
265,Puerto Escondido,MX,15.85,-97.0667,78.01,92,100,14.81,light rain
266,Zhigansk,RU,66.7697,123.3711,15.67,95,100,7.52,light snow
267,Tuatapere,NZ,-46.1333,167.6833,52.74,52,79,7.29,broken clouds
268,Yulara,AU,-25.2406,130.9889,59.5,66,0,12.1,clear sky
269,Egvekinot,RU,66.3167,-179.1667,19.06,95,100,7.72,snow
270,Kamenka,RU,51.3223,42.7678,51.24,63,100,14.03,overcast clouds
271,Kavaratti,IN,10.5669,72.642,80.38,78,100,20.89,overcast clouds
272,Cap Malheureux,MU,-19.9842,57.6142,67.46,72,62,1.99,broken clouds
273,Irbeyskoye,RU,55.6428,95.4522,35.31,90,47,8.14,scattered clouds
274,Mount Isa,AU,-20.7333,139.5,76.77,73,21,3.44,few clouds
275,Kaoma,ZM,-14.7833,24.8,70.03,30,70,7.09,broken clouds
276,Pomabamba,PE,-8.8333,-77.4667,58.21,62,99,2.3,light rain
277,Aklavik,CA,68.2191,-135.0107,28.4,93,100,2.3,fog
278,Stornoway,GB,58.2093,-6.3865,49.96,87,100,9.22,overcast clouds
279,Rorvik,NO,64.8621,11.2373,42.91,87,75,8.05,light rain
280,Ridgecrest,US,35.6225,-117.6709,89.65,15,32,8.99,scattered clouds
281,Ayorou,NE,14.7308,0.9174,89.06,15,14,7.27,few clouds
282,Shimanovsk,RU,52.0,127.7,30.09,66,18,5.19,few clouds
283,Homer,US,59.6425,-151.5483,47.77,78,100,1.99,overcast clouds
284,Cabra,ES,37.4725,-4.4421,73.38,48,95,2.68,overcast clouds
285,Izberbash,RU,42.5696,47.8645,48.25,80,0,12.41,clear sky
286,Jimma,ET,7.6667,36.8333,58.08,93,95,1.05,overcast clouds
287,Igarka,RU,67.4667,86.5833,33.06,90,100,12.97,overcast clouds
288,Banda Aceh,ID,5.5577,95.3222,78.49,83,96,15.1,overcast clouds
289,Kefamenanu,ID,-9.4467,124.4781,74.25,86,84,0.85,broken clouds
290,Hillsborough,US,37.5741,-122.3794,86.31,55,0,6.91,clear sky
291,Kununurra,AU,-15.7667,128.7333,78.78,78,76,0.0,broken clouds
292,Okitipupa,NG,6.5047,4.7839,74.73,97,92,2.37,light rain
293,Sayat,TM,38.7839,63.8803,55.27,34,100,9.4,overcast clouds
294,San Matias,BO,-16.3667,-58.4,87.26,47,48,1.25,scattered clouds
295,Petropavlovsk-Kamchatskiy,RU,53.0452,158.6483,39.79,45,20,20.13,few clouds
296,Dingle,PH,10.9995,122.6711,76.33,92,97,3.53,overcast clouds
297,Barahona,DO,18.2085,-71.1008,87.62,74,40,16.11,scattered clouds
298,Lasa,IT,46.6166,10.7002,50.36,84,2,5.1,clear sky
299,Georgetown,MY,5.4112,100.3354,80.53,94,20,2.3,few clouds
300,Houston,US,29.7633,-95.3633,70.32,29,0,17.27,clear sky
301,Longonjo,AO,-12.9067,15.2533,67.24,59,65,1.77,broken clouds
302,Villa Maria,AR,-32.4075,-63.2402,67.82,66,60,10.63,broken clouds
303,Marrakesh,MA,31.6315,-8.0083,80.67,41,20,4.61,few clouds
304,Conceicao Do Araguaia,BR,-8.2578,-49.2647,88.63,26,81,3.29,broken clouds
305,Parrita,CR,9.5201,-84.3225,78.94,85,99,2.77,overcast clouds
306,Nikolayevka,RU,53.1257,47.2041,53.04,85,100,16.44,overcast clouds
307,Woodward,US,36.4337,-99.3904,59.97,21,0,0.0,clear sky
308,Westport,US,41.1415,-73.3579,56.82,57,4,1.99,clear sky
309,Xining,CN,36.6167,101.7667,42.67,43,100,2.66,overcast clouds
310,Loa Janan,ID,-0.583,117.095,74.17,99,100,1.16,overcast clouds
311,Dolores,AR,-36.3132,-57.6792,58.87,74,23,11.05,few clouds
312,Cherskiy,RU,68.75,161.3,6.73,85,100,6.46,overcast clouds
313,Shancheng,CN,34.7953,116.0817,46.71,33,0,6.69,clear sky
314,Husavik,IS,66.0449,-17.3389,35.24,79,82,10.38,broken clouds
315,Half Moon Bay,US,37.4636,-122.4286,87.53,53,0,6.91,clear sky
316,Qui Nhon,VN,13.7667,109.2333,72.88,88,97,4.14,overcast clouds
317,Roma,US,43.2128,-75.4557,47.08,74,63,3.0,broken clouds
318,Axim,GH,4.8699,-2.2405,77.65,87,63,6.33,broken clouds
319,Henties Bay,NA,-22.116,14.2845,58.6,89,22,3.31,few clouds
320,Dahuk,IQ,36.8695,42.994,72.81,24,37,5.48,scattered clouds
321,Mongomo,GQ,1.6274,11.3135,67.57,99,99,2.95,light rain
322,Fortuna,US,40.5982,-124.1573,68.94,71,0,13.8,clear sky
323,Lishu,CN,43.3047,124.3278,34.72,61,1,7.78,clear sky
324,Piacabucu,BR,-10.4056,-36.4344,76.62,78,12,12.75,few clouds
325,Pacific Grove,US,36.6177,-121.9166,85.33,63,49,5.99,scattered clouds
326,Cefalu,IT,38.0386,14.0229,68.54,82,0,4.0,clear sky
327,Tomatlan,MX,19.9333,-105.25,85.95,70,49,7.05,scattered clouds
328,Honiara,SB,-9.4333,159.95,84.43,70,69,5.66,broken clouds
329,Kashi,CN,39.4547,75.9797,60.01,29,70,6.71,broken clouds
330,Santa Cruz Das Palmeiras,BR,-21.8269,-47.2486,72.73,73,75,10.36,moderate rain
331,Los Llanos De Aridane,ES,28.6585,-17.9182,67.75,87,0,5.75,clear sky
332,Baruun-Urt,MN,46.6806,113.2792,34.93,26,9,11.56,clear sky
333,Santa Cruz Do Capibaribe,BR,-7.9575,-36.2047,72.03,77,28,11.21,scattered clouds
334,Qasigiannguit,GL,68.8193,-51.1922,33.22,99,100,2.64,snow
335,Bima,ID,-8.4667,118.7167,78.62,86,100,0.89,overcast clouds
336,Sokolo,ML,14.7328,-6.1219,90.66,20,31,6.22,scattered clouds
337,Khandbari,NP,27.3747,87.2039,57.51,49,0,4.41,clear sky
338,Terrace,CA,54.5163,-128.6035,57.11,94,100,11.5,light rain
339,Bowling Green,US,36.9903,-86.4436,49.14,51,41,13.38,scattered clouds
340,Hoshcha,UA,50.6003,26.6744,54.37,77,100,11.14,overcast clouds
341,Gwadar,PK,25.1216,62.3254,79.34,66,78,8.03,broken clouds
342,Mingaora,PK,34.7758,72.3625,59.54,64,0,5.99,clear sky
343,Cassilandia,BR,-19.1133,-51.7342,75.76,63,99,13.27,overcast clouds
344,Zhangye,CN,38.9342,100.4517,48.63,22,10,3.8,clear sky
345,Tambura,SS,5.6,27.4667,69.31,91,89,1.66,overcast clouds
346,Nagorsk,RU,59.3172,50.8078,38.53,93,100,2.35,overcast clouds
347,Parabel,RU,58.6978,81.4825,37.08,91,100,4.59,overcast clouds
348,Atagay,RU,55.1033,99.3875,33.87,92,39,3.42,scattered clouds
349,Klaeng,TH,12.7797,101.6483,81.95,91,100,5.66,overcast clouds
350,Muros,ES,42.7762,-9.0603,65.68,92,100,17.34,overcast clouds
351,Broken Hill,AU,-31.95,141.4333,57.04,91,100,20.56,light rain
352,Anloga,GH,5.7947,0.8973,79.65,83,81,9.15,broken clouds
353,Babu,CN,24.4167,111.5167,59.29,35,99,4.63,overcast clouds
354,Caceres,ES,39.522,-6.3748,67.66,48,100,9.89,overcast clouds
355,Sampang,ID,-7.1872,113.2394,79.29,81,100,3.2,overcast clouds
356,Kirkuk,IQ,35.4681,44.3922,80.64,14,0,7.43,clear sky
357,Tisul,RU,55.7611,88.3122,37.94,84,100,10.69,overcast clouds
358,Buraydah,SA,26.326,43.975,73.85,13,81,5.64,broken clouds
359,Serra Talhada,BR,-7.9919,-38.2983,82.94,43,64,19.55,broken clouds
360,Brawley,US,32.9787,-115.5303,93.49,19,0,9.55,clear sky
361,Luanda,AO,-8.8368,13.2343,77.0,78,75,10.36,broken clouds
362,Namibe,AO,-15.1961,12.1522,66.79,76,5,7.27,clear sky
363,Khandyga,RU,62.6667,135.6,-2.33,99,90,2.62,overcast clouds
364,Ulladulla,AU,-35.35,150.4667,62.92,82,59,6.64,broken clouds
365,Darayya,SY,33.459,36.2374,63.36,49,6,1.59,clear sky
366,Kavieng,PG,-2.5744,150.7967,83.7,67,93,16.91,overcast clouds
367,Novaya Igirma,RU,57.1334,103.9112,33.55,98,100,6.89,light snow
368,Ughelli,NG,5.4899,6.0074,76.14,93,99,3.87,overcast clouds
369,Russell,US,32.3502,-85.1999,55.18,29,85,10.67,overcast clouds
370,Dzhebariki-Khaya,RU,62.2167,135.8,-1.82,100,99,0.29,overcast clouds
371,Williams Lake,CA,52.1415,-122.1445,73.06,34,20,5.75,few clouds
372,Nha Trang,VN,12.25,109.1833,73.4,91,48,4.9,scattered clouds
373,Morden,CA,49.1919,-98.1014,45.03,19,0,5.75,clear sky
374,Kahului,US,20.8947,-156.47,86.97,67,2,7.0,clear sky
375,Caluquembe,AO,-13.7833,14.6833,64.33,71,46,3.29,scattered clouds
376,Sao Filipe,CV,14.8961,-24.4956,81.19,78,37,5.97,scattered clouds
377,Menongue,AO,-14.6585,17.691,67.73,47,50,0.29,scattered clouds
378,Zastron,ZA,-30.3023,27.084,64.2,54,81,5.32,broken clouds
379,Narowal,PK,32.1,74.8833,69.69,60,0,5.48,clear sky
380,Biltine,TD,14.5333,20.9167,82.74,19,1,8.86,clear sky
381,Polunochnoye,RU,60.8697,60.4153,37.24,95,100,4.81,overcast clouds
382,Winnemucca,US,40.973,-117.7357,76.39,9,100,3.62,overcast clouds
383,Lorengau,PG,-2.0226,147.2712,83.89,66,100,11.86,overcast clouds
384,Nantucket,US,41.2835,-70.0995,61.14,87,50,14.76,scattered clouds
385,Karanja,IN,20.4833,77.4833,71.71,91,63,4.85,broken clouds
386,Kamaishi,JP,39.2667,141.8833,49.42,70,3,6.13,clear sky
387,Vanimo,PG,-2.6741,141.3028,77.5,90,100,5.95,overcast clouds
388,Hay River,CA,60.8156,-115.7999,51.78,54,75,6.91,broken clouds
389,Lubao,PH,14.9167,120.55,78.51,93,100,4.7,light rain
390,Horodnytsya,UA,50.807,27.3168,53.6,81,100,9.01,overcast clouds
391,Nabire,ID,-3.3667,135.4833,75.27,93,100,3.44,light rain
392,San Isidro,PE,-12.1167,-77.05,71.02,66,100,11.5,overcast clouds
393,Sept-Iles,CA,50.2001,-66.3821,48.72,98,100,17.27,mist
394,Sao Gabriel Da Cachoeira,BR,-0.1303,-67.0892,78.64,90,85,0.98,overcast clouds
395,Arroio Grande,BR,-32.2375,-53.0869,61.84,94,100,13.44,overcast clouds
396,Okhotsk,RU,59.3833,143.3,21.24,56,4,21.18,clear sky
397,Trelew,AR,-43.249,-65.3051,79.25,19,0,24.23,clear sky
398,Port-Gentil,GA,-0.7193,8.7815,78.76,94,40,6.91,scattered clouds
399,Tessalit,ML,20.1986,1.0114,82.45,22,13,12.03,few clouds
400,Urumqi,CN,43.801,87.6005,47.35,87,75,4.47,broken clouds
401,Gigmoto,PH,13.7796,124.39,78.87,87,100,1.97,light rain
402,Longyearbyen,SJ,78.2186,15.6401,26.44,68,75,21.85,broken clouds
403,Batagay-Alyta,RU,67.8006,130.4114,-3.3,90,27,4.05,scattered clouds
404,Ilhabela,BR,-23.7781,-45.3581,70.32,93,100,0.83,light rain
405,Nalut,LY,30.3333,10.85,66.43,49,0,12.33,clear sky
406,Chifeng,CN,42.2683,118.9636,37.62,26,25,6.33,scattered clouds
407,Sioux Lookout,CA,50.1001,-91.917,35.85,59,83,6.22,broken clouds
408,Champerico,GT,14.3,-91.9167,81.61,78,100,5.91,light rain
409,Huaibei,CN,33.9744,116.7917,46.98,40,0,4.09,clear sky
410,Tabou,CI,4.423,-7.3528,77.25,87,76,5.08,broken clouds
411,Harbour Breton,CA,47.4833,-55.7983,57.43,83,4,4.63,clear sky
412,Coihaique,CL,-45.5752,-72.0662,58.73,55,99,8.86,overcast clouds
413,Birjand,IR,32.8663,59.2211,60.46,30,61,5.48,broken clouds
414,Bafoulabe,ML,13.8065,-10.8321,81.5,60,33,1.54,scattered clouds
415,Xichang,CN,27.8964,102.2634,54.79,77,88,2.68,overcast clouds
416,Marsa Matruh,EG,31.3525,27.2453,70.29,72,3,8.52,clear sky
417,Greeneville,US,36.1632,-82.831,40.42,67,100,8.05,overcast clouds
418,Obeliai,LT,55.9667,25.15,45.63,96,76,6.49,broken clouds
419,Aras,ES,42.5617,-2.356,66.61,64,0,6.91,clear sky
420,Mudgee,AU,-32.5943,149.5871,60.62,98,100,4.32,overcast clouds
421,Shahrud,IR,36.4182,54.9763,56.28,72,51,10.87,broken clouds
422,Iquitos,PE,-3.7481,-73.2472,79.99,83,100,3.02,overcast clouds
423,Lithakia,GR,37.7167,20.8333,54.77,51,0,5.84,clear sky
424,Bhuban,IN,20.8833,85.8333,74.52,88,80,1.72,broken clouds
425,Elk Plain,US,47.0532,-122.3976,72.05,61,0,9.22,clear sky
426,Minuri,PH,16.535,121.8574,73.85,98,95,0.67,overcast clouds
427,Richards Bay,ZA,-28.783,32.0377,71.56,91,100,6.17,overcast clouds
428,Yarim,YE,14.298,44.3779,52.57,31,17,4.74,few clouds
429,Uchiza,PE,-8.4592,-76.4633,77.68,88,99,2.33,overcast clouds
430,Ourossogui,SN,15.6064,-13.3211,87.01,51,40,12.21,scattered clouds
431,Ayios Nikolaos,GR,38.4167,23.65,64.76,60,1,6.53,clear sky
432,Saint Simons,US,31.1352,-81.3901,68.02,20,0,13.8,clear sky
433,Kodinsk,RU,58.6881,99.1844,31.91,93,100,5.37,overcast clouds
434,Pozo Colorado,PY,-23.4923,-58.7972,73.74,82,92,3.42,overcast clouds
435,General Roca,AR,-39.0333,-67.5833,72.63,50,94,22.64,overcast clouds
436,Bara,NG,10.3744,10.7288,77.67,40,13,0.98,few clouds
437,Hamilton,US,39.1834,-84.5333,43.88,63,97,8.01,overcast clouds
438,Cayenne,GF,4.9333,-52.3333,82.44,78,0,5.75,moderate rain
439,Ballina,AU,-28.8667,153.5667,68.02,90,100,7.43,light rain
440,Shingu,JP,33.7333,135.9833,56.59,69,59,4.88,broken clouds
441,Karpogory,RU,64.0019,44.4451,39.06,67,96,10.78,overcast clouds
442,Spring Valley,US,36.108,-115.245,86.29,19,20,6.91,few clouds
443,Tacna,PE,-18.0056,-70.2483,62.51,67,0,7.02,clear sky
444,Prabumulih,ID,-3.45,104.25,74.19,96,100,0.92,moderate rain
445,Epiniana,GR,39.1429,21.6134,51.75,54,0,4.56,clear sky
446,Nome,US,64.5011,-165.4064,35.17,91,58,3.85,broken clouds
447,Kutum,SD,14.2,24.6667,75.07,26,3,9.89,clear sky
448,Triunfo,BR,-29.9433,-51.7181,64.35,97,52,5.57,broken clouds
449,Tucupita,VE,9.0622,-62.051,77.2,91,61,4.81,broken clouds
450,Lahaina,US,20.8783,-156.6825,85.95,71,0,2.84,clear sky
451,Pouembout,NC,-21.1333,164.9,81.55,58,75,6.31,broken clouds
452,Zonguldak,TR,41.25,31.8333,49.77,95,2,3.53,clear sky
453,Dryden,CA,49.7833,-92.7503,37.69,52,75,4.61,broken clouds
454,Harper,LR,4.375,-7.7169,77.4,85,94,5.7,overcast clouds
455,Bereda,ES,43.2686,-7.5406,62.58,85,100,2.86,overcast clouds
456,Buribay,RU,51.9617,58.1592,41.02,69,100,12.5,overcast clouds
457,Kropotkin,RU,45.4375,40.5756,52.29,80,0,4.25,clear sky
458,Sunrise Manor,US,36.2111,-115.0731,88.21,17,0,6.91,clear sky
459,Ust-Kulom,RU,61.6864,53.6902,38.97,92,100,8.28,overcast clouds
460,Zyryanka,RU,65.75,150.85,11.08,93,100,18.66,overcast clouds
461,Hofn,IS,64.2539,-15.2082,43.97,65,21,4.07,few clouds
462,Pijijiapan,MX,15.7011,-93.23,79.11,91,100,1.68,light rain
463,Road Town,VG,18.4167,-64.6167,82.89,69,8,11.12,clear sky
464,Lucapa,AO,-8.4192,20.7447,64.42,96,51,3.65,broken clouds
465,Timizart,DZ,36.8,4.2667,74.37,39,0,5.46,clear sky
466,Adrar,MR,20.5022,-10.0711,87.78,13,100,10.78,overcast clouds
467,Goderich,CA,43.7501,-81.7165,43.92,82,100,16.51,moderate rain
468,Senanga,ZM,-16.1167,23.2667,76.08,29,95,4.21,overcast clouds
469,Azare,NG,11.6765,10.1948,79.75,29,81,7.36,broken clouds
470,Katsuura,JP,35.1333,140.3,57.63,84,100,20.38,overcast clouds
471,Ossora,RU,59.2353,163.0719,33.76,74,100,20.8,overcast clouds
472,Zabaykalsk,RU,49.6333,117.3167,31.32,28,99,3.83,overcast clouds
473,Mwense,ZM,-10.3845,28.698,76.75,26,5,7.43,clear sky
474,Kotma,IN,23.2,81.9667,64.47,65,0,3.15,clear sky
475,San Andres,CO,12.5847,-81.7006,82.99,71,65,9.31,broken clouds
476,Maragogi,BR,-9.0122,-35.2225,74.84,86,37,9.26,scattered clouds
477,Yumen,CN,40.2833,97.2,47.55,14,82,8.97,broken clouds
478,Madison,US,34.7334,-86.5667,52.79,43,0,11.5,clear sky
479,Linjiang,CN,41.8069,126.9078,31.77,76,0,1.39,clear sky
480,Puerto Suarez,BO,-18.95,-57.8,74.39,95,96,5.39,overcast clouds
481,Najran,SA,17.4924,44.1277,66.22,26,40,3.62,scattered clouds
482,Tabat,ID,-2.635,115.2274,73.89,98,100,0.16,light rain
483,Sauda,NO,59.6506,6.3542,46.69,73,100,3.06,overcast clouds
484,Nanakuli,US,21.3906,-158.1547,87.03,53,4,3.94,clear sky
485,Mattru,SL,7.6244,-11.8332,73.53,97,66,1.57,light rain
486,College,US,64.8569,-147.8028,42.91,77,96,1.23,overcast clouds
487,Iqaluit,CA,63.7506,-68.5145,22.73,79,75,9.22,broken clouds
488,Talnakh,RU,69.4865,88.3972,33.21,99,100,8.46,snow
489,Whitehorse,CA,60.7161,-135.0538,42.03,86,100,4.0,overcast clouds
490,Faya,SA,18.3851,42.4509,59.38,30,79,4.88,broken clouds
491,Robertson,US,36.5167,-86.8667,52.36,39,75,11.5,broken clouds
492,Kuytun,RU,54.3419,101.5036,33.69,86,77,4.14,broken clouds
493,North Bend,US,43.4065,-124.2243,76.24,88,3,1.01,clear sky
494,Yakovlevo,RU,50.8603,36.4478,52.05,49,100,10.25,overcast clouds
495,Ola,RU,59.5833,151.2833,26.15,52,100,27.36,overcast clouds
496,Nahariyya,IL,33.0059,35.0941,71.04,67,2,3.33,clear sky
497,Kungurtug,RU,50.5994,97.5228,29.79,86,85,0.89,overcast clouds
498,Padang,ID,-0.9492,100.3543,75.25,88,100,2.28,overcast clouds
499,Marovoay,MG,-16.1,46.6333,71.06,78,0,2.93,clear sky
500,Oksfjord,NO,70.2396,22.3479,39.38,91,100,8.57,overcast clouds
501,Paamiut,GL,61.994,-49.6678,37.69,93,100,9.8,light rain
502,Madisonville,US,37.3281,-87.4989,51.22,40,42,3.0,scattered clouds
503,Karaman,TR,37.0833,33.25,53.02,76,49,2.84,scattered clouds
504,Chicama,PE,-7.8447,-79.1469,61.34,68,68,8.79,broken clouds
505,Isoka,ZM,-10.1606,32.6335,64.63,47,74,1.21,broken clouds
506,Khed Brahma,IN,24.0333,73.05,71.28,39,8,4.92,clear sky
507,Antalaha,MG,-14.9003,50.2788,69.57,75,46,6.35,scattered clouds
508,Mayo,US,38.8876,-76.5119,54.07,54,40,8.05,scattered clouds
509,Ende,ID,-8.8432,121.6623,78.58,85,100,4.21,moderate rain
510,Minas,UY,-34.3759,-55.2377,59.76,83,97,15.46,overcast clouds
511,Statesboro,US,32.4488,-81.7832,63.93,29,0,11.5,clear sky
512,Lusambo,CD,-4.9667,23.45,68.86,95,93,2.06,overcast clouds
513,Asosa,ET,10.0667,34.5333,59.41,92,99,3.2,light rain
514,Taltal,CL,-25.4,-70.4833,61.74,68,21,5.97,few clouds
515,Colesberg,ZA,-30.72,25.0972,67.28,57,71,3.29,broken clouds
516,Zhanaozen,KZ,43.3,52.8,49.66,58,1,4.45,clear sky
517,Celestun,MX,20.8667,-90.4,77.36,88,99,8.88,moderate rain
518,Asau,RO,46.4333,26.4,43.72,62,88,6.71,overcast clouds
519,Pyay,MM,18.8167,95.2167,72.46,90,2,3.74,clear sky
520,Praia,CV,14.9215,-23.5087,79.34,78,20,9.22,few clouds
521,Hemsedal,NO,60.8629,8.5534,38.32,84,64,5.39,broken clouds
522,Bad Wildbad,DE,48.75,8.55,57.06,97,7,2.37,clear sky
523,Ondjiva,AO,-17.0667,15.7333,79.75,27,71,2.95,broken clouds
524,Mount Gambier,AU,-37.8333,140.7667,59.34,74,0,2.1,clear sky
525,Jaynagar,IN,26.5833,86.15,67.84,71,0,2.1,clear sky
526,Lata,PT,40.1629,-8.3327,66.81,91,100,6.35,overcast clouds
527,Santa Fe,AR,-31.6333,-60.7,73.99,52,98,3.0,light rain
528,Trairi,BR,-3.2778,-39.2689,78.85,82,32,12.84,scattered clouds
529,Vizinga,RU,61.0749,50.1031,39.51,88,100,6.24,overcast clouds
530,San Ramon,US,37.7799,-121.978,84.33,45,0,5.75,clear sky
531,Jalna,IN,19.8333,75.8833,73.11,85,100,5.35,overcast clouds
532,Youkounkoun,GN,12.5333,-13.1333,76.32,85,36,1.59,light rain
533,Serenje,ZM,-13.2325,30.2352,65.14,37,59,6.06,broken clouds
534,Bilibino,RU,68.0546,166.4372,8.56,89,100,9.31,overcast clouds
535,Oborniki,PL,52.6474,16.8141,52.16,95,19,8.79,few clouds
536,Miri,MY,4.4148,114.0089,75.25,92,100,6.06,light rain
537,Weatherford,US,32.7593,-97.7972,66.79,26,0,5.99,clear sky
538,Prince Albert,CA,53.2001,-105.7677,66.67,27,73,5.95,broken clouds
539,Laguna,US,38.421,-121.4238,88.09,40,0,9.22,clear sky
540,Honningsvag,NO,70.9821,25.9704,38.95,75,40,11.5,scattered clouds
541,Fomboni,KM,-12.28,43.7425,76.12,78,2,10.56,clear sky
542,Highland,US,34.1283,-117.2086,93.87,26,0,5.75,clear sky
543,Rathenow,DE,52.6066,12.337,52.02,92,2,7.54,clear sky
544,Baijiantan,CN,45.6333,85.1833,55.15,46,100,11.39,light rain
545,Muscat,OM,23.6139,58.5922,78.82,41,82,4.59,broken clouds
546,Dunedin,NZ,-45.8742,170.5036,53.96,45,37,4.72,scattered clouds
547,Quatre Cocos,MU,-20.2078,57.7625,69.91,77,45,14.25,scattered clouds
548,Kudahuvadhoo,MV,2.6708,72.8944,80.56,72,100,13.24,overcast clouds
549,Amahai,ID,-3.3333,128.9167,79.79,83,95,3.8,overcast clouds
550,Deputatskiy,RU,69.3,139.9,-5.19,98,91,5.06,overcast clouds
551,Kysyl-Syr,RU,63.8986,122.7617,22.03,98,100,3.78,overcast clouds
552,Butembo,CD,0.15,29.2833,57.15,98,88,1.68,moderate rain
553,Asamankese,GH,5.8601,-0.6635,73.27,95,53,2.17,light rain
554,Malanje,AO,-9.5402,16.341,66.47,82,100,2.06,overcast clouds
555,Miyako,JP,39.6367,141.9525,47.84,71,1,4.99,clear sky
556,Samana,DO,19.2056,-69.3369,79.57,84,10,6.51,clear sky
557,Yaan,NG,7.3833,8.5667,75.96,84,96,3.51,overcast clouds
558,Oussouye,SN,12.485,-16.5469,80.24,84,62,5.46,light rain
559,Mangan,IN,27.5167,88.5333,59.63,41,0,7.31,clear sky
560,San Quintin,MX,30.4833,-115.95,74.62,64,1,11.36,clear sky
561,Donskoye,RU,45.4552,41.9741,48.33,87,1,6.38,clear sky
562,Kintinku,TZ,-5.8833,35.2333,74.05,51,3,5.73,clear sky
563,Moose Factory,CA,51.2585,-80.6094,43.14,75,100,22.64,overcast clouds
564,Havre-Saint-Pierre,CA,50.2334,-63.5986,50.36,93,100,14.97,light rain
565,Vallenar,CL,-28.5708,-70.7581,72.73,28,0,7.87,clear sky
566,Salinopolis,BR,-0.6136,-47.3561,81.3,78,98,16.17,overcast clouds
567,Vila Velha,BR,-20.3297,-40.2925,75.15,87,40,10.36,scattered clouds
568,Vokhma,RU,58.9303,46.7586,39.49,93,100,4.54,overcast clouds
569,Khorramshahr,IR,30.4397,48.1664,71.55,22,85,4.54,overcast clouds
570,Ormara,PK,25.2088,64.6357,79.63,72,64,6.31,broken clouds
571,Ust-Barguzin,RU,53.45,108.9833,39.4,82,94,10.36,overcast clouds
572,Lashio,MM,22.9333,97.75,60.4,94,12,1.39,few clouds
573,Shache,CN,38.4167,77.2406,55.87,18,37,4.68,scattered clouds
574,Mtwara,TZ,-10.2667,40.1833,73.02,85,12,7.36,few clouds
575,Jega,NG,12.2175,4.3792,82.2,29,29,5.35,scattered clouds
576,Barinas,VE,8.6226,-70.2075,79.09,84,73,5.64,broken clouds
577,Leh,IN,34.1667,77.5833,31.12,72,90,2.37,overcast clouds
578,Rawson,AR,-43.3002,-65.1023,73.78,27,0,27.13,clear sky
579,Centralia,US,46.7162,-122.9543,71.49,61,1,4.14,clear sky
580,Qaqortoq,GL,60.7167,-46.0333,37.33,88,100,14.2,light rain
581,Usinsk,RU,65.9939,57.5281,38.07,97,100,13.29,overcast clouds
582,Maumere,ID,-8.6199,122.2111,81.18,78,99,3.15,overcast clouds
583,Mizusawa,JP,39.1333,141.1333,46.27,79,21,0.45,few clouds
584,Gat,IL,31.61,34.7642,70.48,69,2,4.72,clear sky
585,Suntar,RU,62.1444,117.6319,29.59,95,99,6.89,overcast clouds
586,Marzuq,YE,14.4,46.4667,68.14,26,1,0.78,clear sky
587,Andros Town,BS,24.7,-77.7667,84.16,64,92,11.32,overcast clouds
588,Te Anau,NZ,-45.4167,167.7167,49.01,63,79,6.73,moderate rain
589,Yichang,CN,30.7144,111.2847,55.89,55,0,2.39,clear sky
590,Dwarka,IN,22.2394,68.9678,80.35,68,21,8.59,few clouds
591,Poum,NC,-20.2333,164.0167,77.25,74,30,10.4,scattered clouds
592,Pemba,MZ,-12.974,40.5178,74.1,83,40,3.44,scattered clouds
593,Priargunsk,RU,50.3691,119.1012,28.47,42,100,5.46,overcast clouds
594,Ler,SS,8.3018,30.1418,72.82,80,40,2.51,scattered clouds
595,Carauari,BR,-4.8828,-66.8958,78.51,84,79,1.54,broken clouds
596,Portland,US,45.5234,-122.6762,76.98,59,40,1.01,smoke
597,Havoysund,NO,70.9963,24.6622,39.43,71,100,18.23,overcast clouds
598,Romuli,RO,47.5333,24.4333,48.51,81,24,3.38,few clouds
599,Male,MV,4.1748,73.5089,80.55,89,75,17.27,broken clouds
600,Bathsheba,BB,13.2167,-59.5167,83.01,78,40,10.36,scattered clouds
601,Meulaboh,ID,4.1363,96.1285,75.72,87,100,2.04,moderate rain
602,Yerbogachen,RU,61.2767,108.0108,27.09,84,82,9.57,broken clouds
603,Beloha,MG,-25.1667,45.05,68.18,80,10,14.2,clear sky
604,Oistins,BB,13.0667,-59.5333,81.09,77,69,10.8,broken clouds
605,Xam Nua,LA,20.4197,104.0439,52.09,80,87,1.21,overcast clouds
606,Savonlinna,FI,61.8699,28.88,37.45,100,100,8.05,light intensity shower rain
607,Anzio,IT,41.4853,12.6179,69.01,79,1,8.1,clear sky
608,Mitzic,GA,0.7821,11.549,68.9,98,100,2.91,light rain
609,Mandalgovi,MN,45.7625,106.2708,40.98,25,7,7.47,clear sky
610,Basoko,CD,1.2391,23.616,75.0,82,97,1.14,overcast clouds
611,Opuwo,NA,-18.0607,13.84,69.73,24,0,5.37,clear sky
612,Pantai Remis,MY,4.4557,100.6288,78.28,85,100,5.1,overcast clouds
613,Kaitangata,NZ,-46.2817,169.8464,53.06,46,56,9.78,broken clouds
614,Bo Phloi,TH,14.3236,99.5161,70.77,83,100,7.4,overcast clouds
615,Do Gonbadan,IR,30.3586,50.7981,72.36,32,100,1.79,overcast clouds
616,Pervomayskoye,RU,43.919,46.7102,50.72,85,0,6.76,clear sky
617,Christchurch,NZ,-43.5333,172.6333,59.32,71,54,2.3,broken clouds
618,Tateyama,JP,34.9833,139.8667,60.1,81,100,17.49,overcast clouds
619,Porto Velho,BR,-8.7619,-63.9039,77.05,94,20,2.3,few clouds
620,Oschatz,DE,51.3,13.1167,57.24,92,13,7.0,few clouds
621,Samarai,PG,-10.6167,150.6667,83.23,76,30,15.79,scattered clouds
622,Caravelas,BR,-17.7125,-39.2481,74.89,80,23,6.87,few clouds
623,Arlit,NE,18.7369,7.3853,82.49,21,0,16.37,clear sky
624,Necochea,AR,-38.5473,-58.7368,63.81,54,100,17.4,overcast clouds
625,Monticello,US,45.3055,-93.7941,44.13,42,0,11.5,clear sky
626,Papetoai,PF,-17.4961,-149.8729,81.99,76,13,11.72,light rain
627,Ternate,ID,0.8,127.4,81.07,79,100,4.61,overcast clouds
628,Maceio,BR,-9.6658,-35.7353,76.46,80,22,11.36,few clouds
629,Haapiti,PF,-17.5667,-149.8667,82.13,77,29,13.15,light rain
630,Fort Frances,CA,48.5999,-93.4003,37.62,54,0,6.91,clear sky
631,Siavonga,ZM,-16.5382,28.7088,79.03,44,28,3.85,scattered clouds
632,Asmar,AF,35.0333,71.3581,62.29,46,1,4.45,clear sky
633,Bayir,TR,37.2687,28.2167,55.92,59,2,1.63,clear sky
634,Brae,GB,60.3964,-1.353,43.36,70,17,7.52,few clouds
635,Tiznit,MA,29.5833,-9.5,80.02,25,4,8.99,clear sky
636,Luocheng,CN,29.3848,104.0286,61.2,79,36,0.54,scattered clouds
637,Pochutla,MX,15.7432,-96.4661,75.02,97,100,7.34,light rain
638,Gohad,IN,26.4261,78.4447,72.23,59,0,3.78,clear sky
639,Brownwood,US,31.7093,-98.9912,69.12,27,27,8.61,scattered clouds
640,Sabang,ID,5.8933,95.3214,80.64,81,99,24.45,overcast clouds
641,Kirakira,SB,-10.4544,161.9205,84.52,71,39,6.6,scattered clouds
642,Morlaix,FR,48.5833,-4.0,64.72,92,40,10.36,scattered clouds
643,Naze,JP,28.3667,129.4833,68.56,77,100,20.6,overcast clouds
644,Wassenaar,NL,52.1333,4.4,51.93,91,9,1.99,clear sky
645,Oktyabrskiy,RU,54.4815,53.471,44.58,87,100,14.03,overcast clouds
646,Waterloo,CA,43.4668,-80.5164,40.64,99,100,8.01,light rain
647,Isangel,VU,-19.55,169.2667,78.28,77,26,12.17,scattered clouds
648,Flinders,AU,-34.5833,150.8552,68.25,83,76,5.01,broken clouds
649,Chapais,CA,49.7834,-74.8492,46.18,96,100,7.7,moderate rain
650,Hirara,JP,24.8,125.2833,73.67,68,75,20.71,broken clouds
651,Alice Springs,AU,-23.7,133.8833,63.95,68,0,5.75,clear sky
652,Along,IN,28.1667,94.7667,61.36,93,20,2.21,few clouds
653,Puerto Baquerizo Moreno,EC,-0.9,-89.6,72.59,73,20,13.8,few clouds
654,Gobabis,NA,-22.45,18.9667,67.82,53,83,18.5,broken clouds
655,Sibay,RU,52.7181,58.6658,39.87,75,100,12.68,overcast clouds
656,Qena,EG,26.1615,32.7183,75.65,32,3,6.82,clear sky
657,Nemuro,JP,43.3236,145.575,45.18,76,8,15.57,clear sky
658,Muli,MV,2.9167,73.5667,80.71,73,89,14.36,overcast clouds
659,Aljezur,PT,37.3191,-8.8033,65.86,95,84,8.16,broken clouds
660,Bansi,IN,27.1833,82.9333,69.91,77,0,3.4,clear sky
661,Gouyave,GD,12.1646,-61.7296,80.42,79,8,11.48,clear sky
662,Kurumkan,RU,54.3,110.3,32.61,92,48,4.12,light snow
663,Port Keats,AU,-14.25,129.55,83.28,73,100,4.63,overcast clouds
664,Northam,GB,51.0333,-4.2167,61.25,87,100,23.17,overcast clouds
665,Beyneu,KZ,45.3167,55.2,48.61,66,43,7.14,scattered clouds
666,Tornio,FI,65.8481,24.1466,32.02,81,7,9.78,clear sky
667,Sobolevo,RU,54.4299,31.8996,51.22,85,100,10.36,overcast clouds
668,Mayskiy,RU,47.6931,40.1025,44.01,51,21,5.82,few clouds
669,Corn Island,NI,12.1694,-83.0418,82.92,74,94,6.78,overcast clouds
670,Mitu,CO,1.1983,-70.1733,80.73,77,83,1.12,heavy intensity rain
671,Ardesen,TR,41.1911,40.9875,64.53,80,20,2.66,few clouds
672,Serpa,PT,37.9458,-7.5975,64.83,73,100,7.47,overcast clouds
673,Olafsvik,IS,64.8945,-23.7142,44.62,79,99,16.55,overcast clouds
